"manager_id";"first_name";"last_name";"age";"gender";"dob";"contact";"alt_contact";"email";"password";"status";"question_id";"answer"
102;"v";"v";23;"male";"456";456;4654;"mm@gmail.com";"v";1;1;"kj"
103;"h";"h";22;"male";"231";231;313;"hh@gmail.com";"hh";1;2;"hh"
104;"qwerfewq";"qewfqew";234;"male";"2019-01-06";12451;0;"as@gmail.com";"1234";1;1;"1234"
105;"qwerfewq";"qewfqew";234;"male";"2019-01-06";12451;0;"as@gmail.com";"1234";1;1;"1234"
106;"Hai";"Hello";20;"male";"2019-05-05";235;0;"suren@gmail.com";"213";1;3;"21"
